{"pggan_celebahq1024": {"Z": [0.0, 22.618375778198242]}, "pggan_church256": {"Z": [0.0, 22.610368728637695]}, "pggan_car256": {"Z": [0.0, 22.61602020263672]}, "stylegan2_ffhq1024": {"Z": [0.0, 22.6083927154541], "W": {"0": [7.360874756098581, 2.9422731499309966], "1": [10.300531734119765, 4.28592948913574], "2": [12.615521893356787, 5.249170811971027], "3": [14.567148728804154, 6.061220932006835], "4": [16.286569537538472, 6.776650174458819], "5": [17.841042200724285, 7.423448689778644], "6": [19.270528735536516, 8.01824067433675], "7": [20.60106346823953, 8.57185897827148], "8": [21.85072592532996, 9.091830317179362], "9": [23.032684441768758, 9.583632024129233], "10": [24.156887054443366, 10.05139598846435], "11": [25.2310435555198, 10.498341751098629], "12": [26.261304508556016, 10.927019119262695], "13": [27.252643989794183, 11.339504114786783], "14": [28.209163550174598, 11.737502924601234], "15": [29.13429745760831, 12.12244186401367], "16": [30.030950141675547, 12.495525105794268], "17": [30.901589595910274, 12.857790120442708]}}, "stylegan2_afhqcat512": {"Z": [0.0, 22.604055404663086], "W": {"0": [5.463340230507426, 3.9065159558777753], "1": [7.653426517139781, 5.623961925506592], "2": [9.373495448719373, 6.887918281555174], "3": [10.823579383618906, 7.953483327229817], "4": [12.101129069472803, 8.892264620463052], "5": [13.256123051498877, 9.740988095601399], "6": [14.31824932676373, 10.521469751993816], "7": [15.306853034279563, 11.247923851013184], "8": [16.235366532296847, 11.930226580301918], "9": [17.11358041474314, 12.575562159220373], "10": [17.948877276796285, 13.189358647664386], "11": [18.746990897438746, 13.775836563110348], "12": [19.512483654600203, 14.338346354166665], "13": [20.249063087232187, 14.879604848225908], "14": [20.959773670543328, 15.401853561401365], "15": [21.647158767237812, 15.906966654459634]}}, "stylegan2_afhqdog512": {"Z": [0.0, 22.619800567626953], "W": {"0": [5.086003572004464, 5.588235263981835], "1": [7.132955262155244, 7.998571077982585], "2": [8.736050750270035, 9.796208635965982], "3": [10.087522506713867, 11.311687660217284], "4": [11.278194196296463, 12.64685052235921], "5": [12.354640035918264, 13.853931935628255], "6": [13.34453894875266, 14.963955688476565], "7": [14.265909830729168, 15.997142918904622], "8": [15.13128546512488, 16.967530695597333], "9": [15.949772574684834, 17.88534851074219], "10": [16.72826223662405, 18.758311971028647], "11": [17.47210115374941, 19.59241765340169], "12": [18.1855390144117, 20.392435201009114], "13": [18.87202546090791, 21.16222941080729], "14": [19.53440683538264, 21.904986190795896], "15": [20.17504616939661, 22.62337430318196]}}, "stylegan2_car512": {"Z": [0.0, 22.62596893310547], "W": {"0": [12.54268918619691, 5.907427939550318], "1": [17.55506180271958, 8.573026402791339], "2": [21.50047215548429, 10.49976978302002], "3": [24.826604207356773, 12.124091593424476], "4": [27.756993380459875, 13.555143737792967], "5": [30.406259363347836, 14.848917007446289], "6": [32.84251484726415, 16.038663991292317], "7": [35.11012360543916, 17.146052805582677], "8": [37.23991162849195, 18.186134084065753], "9": [39.254313613429225, 19.169868723551424], "10": [41.170271324388914, 20.10552965799967], "11": [43.00094431096858, 20.99953956604004], "12": [44.756799871271305, 21.857016372680665], "13": [46.44632824984463, 22.68209686279297], "14": [48.07651924364495, 23.4781992594401], "15": [49.65320980187618, 24.248183186848962]}}, "stylegan2_church256": {"Z": [0.0, 22.614377975463867], "W": {"0": [20.769447481514206, 13.690827837651318], "1": [29.087297497373648, 19.736906305948885], "2": [35.624521197694726, 24.17267354329427], "3": [41.13565433386601, 27.912199656168617], "4": [45.991054419315226, 31.206788126627597], "5": [50.38068135579427, 34.18532282511393], "6": [54.417354005755804, 36.92436955769856], "7": [58.17459360758464, 39.473812611897785], "8": [61.703481731992774, 41.8682985941569], "9": [65.04118300929213, 44.13305918375651], "10": [68.21576390121925, 46.287146504720035], "11": [71.24903592196378, 48.34534912109374], "12": [74.15835733124705, 50.319431559244784], "13": [76.9577567360618, 52.21894531249999]}}}