{"pggan_celebahq1024": {"Z": [0.0, 22.624643325805664]}, "pggan_church256": {"Z": [0.0, 22.61591148376465]}, "pggan_car256": {"Z": [0.0, 22.606718063354492]}, "stylegan2_ffhq1024": {"Z": [0.0, 22.61488151550293], "W": {"0": [7.430484388055583, 2.938497120161653], "1": [10.398355917497115, 4.280957889556884], "2": [12.735332489013672, 5.243081665039063], "3": [14.705494620583277, 6.054189682006834], "4": [16.441242449211355, 6.768790117899574], "5": [18.010480187155988, 7.414837074279781], "6": [19.453539992823746, 8.008939997355144], "7": [20.796711950591117, 8.561915524800618], "8": [22.05824326023911, 9.081283505757648], "9": [23.25143184083881, 9.572512944539387], "10": [24.386305028742015, 10.039736747741696], "11": [25.470664978027344, 10.486163330078126], "12": [26.510712421301644, 10.914343516031895], "13": [27.511462529500328, 11.32635065714518], "14": [28.47707205107718, 11.723885854085283], "15": [29.410989241166554, 12.108379364013668], "16": [30.316151474461414, 12.481033070882159], "17": [31.19506500706529, 12.842875417073564]}}, "stylegan2_afhqcat512": {"Z": [0.0, 22.600379943847656], "W": {"0": [5.464031385667254, 3.9048285333236836], "1": [7.6542270544803515, 5.6217751185099285], "2": [9.374476114908855, 6.885239919026691], "3": [10.824710903745709, 7.950391070048014], "4": [12.10239531777122, 8.888807106018064], "5": [13.257509404962715, 9.737200355529783], "6": [14.319746479843607, 10.517378934224443], "7": [15.308453646573152, 11.24355010986328], "8": [16.237067713881984, 11.92558619181315], "9": [17.115372860070433, 12.570670445760088], "10": [17.950755841804273, 13.184230168660482], "11": [18.74895222981771, 13.770479838053381], "12": [19.514526482784383, 14.332769902547202], "13": [20.251180013020832, 14.873818842569985], "14": [20.961959376479644, 15.395867029825844], "15": [21.64942146070076, 15.900781758626298]}}, "stylegan2_afhqdog512": {"Z": [0.0, 22.622303009033203], "W": {"0": [5.068422025422453, 5.5879403576363025], "1": [7.108176318081942, 7.998168563842774], "2": [8.705701539010711, 9.795716158548991], "3": [10.052479021476978, 11.31111857096354], "4": [11.239012631503018, 12.646215438842772], "5": [12.31172307332357, 13.853233591715494], "6": [13.298179164077297, 14.96320292154948], "7": [14.216352636163885, 15.996337127685548], "8": [15.078717896432586, 16.966677729288737], "9": [15.894363981304748, 17.884448877970378], "10": [16.670151103626605, 18.757367706298822], "11": [17.411403078021422, 19.591432317097983], "12": [18.122364044189457, 20.391408538818354], "13": [18.806467114072863, 21.161163965861], "14": [19.46654071229877, 21.903888066609696], "15": [20.10495919892282, 22.62223612467448]}}, "stylegan2_car512": {"Z": [0.0, 22.61727523803711], "W": {"0": [12.516290984452754, 5.909454570367391], "1": [17.51800802982215, 8.575690523783365], "2": [21.45508916450269, 10.503033765157063], "3": [24.774204254150387, 12.127857971191409], "4": [27.69840032404119, 13.55935821533203], "5": [30.342077891031902, 14.853531773885088], "6": [32.77319428415009, 16.043646876017252], "7": [35.0360160596443, 17.15138104756673], "8": [37.161306901411585, 18.191786193847648], "9": [39.17145746404475, 19.17582664489746], "10": [41.08337217388731, 20.111776987711586], "11": [42.91017832900538, 21.006067530314127], "12": [44.662330511844516, 21.863807169596353], "13": [46.34828879616477, 22.689144897460938], "14": [47.975040204597235, 23.485496266682944], "15": [49.54841082023853, 24.255714670817053]}}, "stylegan2_church256": {"Z": [0.0, 22.619354248046875], "W": {"0": [20.84018781932668, 13.67826708740133], "1": [29.185817256118316, 19.720556894938145], "2": [35.74518700801965, 24.152647908528643], "3": [41.27498626708985, 27.8890754699707], "4": [46.14683879505505, 31.180934143066402], "5": [50.55133056640625, 34.15700225830078], "6": [54.60167370420514, 36.893780008951815], "7": [58.37163451223663, 39.44111378987629], "8": [61.91247859145656, 41.83361307779948], "9": [65.2614827011571, 44.09650166829425], "10": [68.4468228889234, 46.24879735310872], "11": [71.49036985455137, 48.30529734293619], "12": [74.4095327203924, 50.27775115966796], "13": [77.21842262961648, 52.175685119628895]}}}