{"pggan_celebahq1024": {"Z": [0.0, 26.58317756652832]}, "pggan_church256": {"Z": [0.0, 26.521297454833984]}, "pggan_car256": {"Z": [0.0, 26.50217628479004]}, "stylegan2_ffhq1024": {"Z": [0.0, 26.577896118164062], "W": {"0": [19.693096285055184, 5.8070265041010316e-08], "1": [27.863825914962064, 3.4815407268240506e-07], "2": [34.131626991391585, 2.481756347094688e-07], "3": [39.41501415696475, 6.35090437128838e-07], "4": [44.06947641939221, 1.2271238922778593e-06], "5": [48.277262162375386, 2.172426018631768e-06], "6": [52.14661665812577, 2.4128904421161224e-06], "7": [55.74804662226059, 2.4421301461075018e-06], "8": [59.130535104015074, 2.9349563135383505e-06], "9": [62.32973554976312, 2.4451202094155633e-06], "10": [65.37255577458802, 3.033502643745578e-06], "11": [68.27991356833932, 3.2974155104170677e-06], "12": [71.0684326470882, 2.7158315276665235e-06], "13": [73.75159446760375, 3.298517093242026e-06], "14": [76.34051008853974, 1.007432587130097e-06], "15": [78.84446075332441, -3.7039074385347703e-07], "16": [81.27130542289308, -7.584701080531886e-07], "17": [83.62775052955048, -9.79042688697973e-07]}}, "stylegan2_afhqcat512": {"Z": [0.0, 26.661848068237305], "W": {"0": [17.814635191105385, -1.8532913870217271e-07], "1": [25.205985746918735, -4.251561964707662e-07], "2": [30.875919756244116, 6.25726809033722e-07], "3": [35.655340829226056, 1.3485521321854321e-06], "4": [39.865831142841, 1.5636481620617815e-07], "5": [43.672251291243555, 1.2542547978000584e-07], "6": [47.17252091259847, -2.7527510937375155e-07], "7": [50.43042110531245, -1.0729623767247176e-07], "8": [53.4902658808743, -8.105917039813448e-07], "9": [56.38430537516529, -2.0133858953386152e-06], "10": [59.13688241310246, -2.896557553810908e-06], "11": [61.76691825759687, -3.55566295695553e-06], "12": [64.28944918503463, -4.832988530267812e-06], "13": [66.71667526547272, -5.965941028307498e-06], "14": [69.0586410343057, -6.651547884928277e-06], "15": [71.32374751559972, -7.4827238307761945e-06]}}, "stylegan2_afhqdog512": {"Z": [0.0, 26.78862190246582], "W": {"0": [16.610793462523535, -7.008719382639583e-07], "1": [23.502664856076635, -2.000512875355298e-07], "2": [28.78944457718248, 2.789182630635878e-06], "3": [33.2458942576997, 1.7696009173562288e-06], "4": [37.171855802504545, 7.357770392957264e-07], "5": [40.72105149719189, 1.29023006678608e-06], "6": [43.98478194730904, 4.388475574046424e-06], "7": [47.02252296315562, 7.203829163415776e-06], "8": [49.8755902932422, 1.0025949759295827e-05], "9": [52.57405775340872, 1.268333333115379e-05], "10": [55.140623983691626, 1.4153596982424688e-05], "11": [57.5929456613245, 3.6627073747297345e-06], "12": [59.945029836283275, -7.81830388518756e-06], "13": [62.20824571867588, -1.8019188367190964e-05], "14": [64.3919619440639, -2.7173139869773877e-05], "15": [66.50401228536475, -3.632772087769354e-05]}}, "stylegan2_car512": {"Z": [0.0, 26.54909324645996], "W": {"0": [40.513785471774575, -2.7958710191455793e-07], "1": [57.32308724689799, -5.609052848853935e-07], "2": [70.21757514154163, -2.5791067557179304e-06], "3": [81.0868652192673, -1.6129371047668428e-06], "4": [90.6622946641626, 1.040103015270688e-06], "5": [99.31879847246428, 2.722850332759208e-06], "6": [107.27905536689379, 5.5139371681889315e-06], "7": [114.6881240970624, 7.260073928705424e-06], "8": [121.6467767306287, 7.432553616126825e-06], "9": [128.2283551074491, 8.471649465491282e-06], "10": [134.48822302991408, 9.113790170545144e-06], "11": [140.46941021015937, 9.093961296002817e-06], "12": [146.20610853516231, 9.904049392162051e-06], "13": [151.72606452904128, 1.1957376287341503e-05], "14": [157.05212698706703, 1.0424447125956249e-05], "15": [162.20340341750548, 5.866954012390124e-06]}}, "stylegan2_church256": {"Z": [0.0, 26.62998390197754], "W": {"0": [65.0133429593379, 1.708210092488116e-06], "1": [91.98759347078432, 1.4913829531337797e-06], "2": [112.67965392311024, 5.572857020297306e-07], "3": [130.12184993001102, -4.2359506551292725e-06], "4": [145.4877587963646, -8.556567436812657e-06], "5": [159.37904536307056, -1.1719555757849776e-05], "6": [172.15304982024847, -1.4059614443340251e-05], "7": [184.0425492113573, -1.5149132281067068e-05], "8": [195.2092491691262, -1.4811726686048132e-05], "9": [205.77085044533507, -1.4459717021964025e-05], "10": [215.8161987254329, -1.5103431465490758e-05], "11": [225.41434084196692, -1.6178596951021973e-05], "12": [234.62013190996535, -6.952946762339707e-06], "13": [243.47812896955136, -4.452998126680541e-06]}}}